{
    "latest_version": "1.0",
    "download_url": "https://sign-mobile.nimbuspop.com/ZohoSignDSCSigner.zip",
    "release_notes": "We recommend you to update to this version and enjoy our new and exciting features.",
    "prerelease": {
        "latest_version": "1.0",
        "download_url": "https://github.com/nagarajanSudalai/FileUploadTest/raw/refs/heads/main/Zoho%20Sign%20DSC%20Signer.zip",
        "release_notes": "We recommend you to update to this version and enjoy our new and exciting features."
    }
}
